user_id,transaction_id,amount,device,location,transaction_time
1038,1,28124,tablet,Mumbai,2024-01-01 00:00:00
1028,2,27385,desktop,Mumbai,2024-01-01 01:00:00
1014,3,27000,mobile,Delhi,2024-01-01 02:00:00
1042,4,1705,mobile,Pune,2024-01-01 03:00:00
1007,5,5722,tablet,Mumbai,2024-01-01 04:00:00
1020,6,6867,tablet,Mumbai,2024-01-01 05:00:00
1038,7,27239,desktop,Pune,2024-01-01 06:00:00
1018,8,11713,tablet,Pune,2024-01-01 07:00:00
1022,9,10689,tablet,Bangalore,2024-01-01 08:00:00
1010,10,14018,mobile,Pune,2024-01-01 09:00:00
1010,11,20219,mobile,Delhi,2024-01-01 10:00:00
1023,12,27546,desktop,Delhi,2024-01-01 11:00:00
1035,13,13146,tablet,Bangalore,2024-01-01 12:00:00
1039,14,24918,tablet,Mumbai,2024-01-01 13:00:00
1023,15,35458,mobile,Mumbai,2024-01-01 14:00:00
1002,16,4424,tablet,Pune,2024-01-01 15:00:00
1021,17,10887,mobile,Delhi,2024-01-01 16:00:00
1001,18,9211,desktop,Mumbai,2024-01-01 17:00:00
1023,19,38210,mobile,Bangalore,2024-01-01 18:00:00
1043,20,16489,tablet,Bangalore,2024-01-01 19:00:00
1029,21,41527,desktop,Delhi,2024-01-01 20:00:00
1037,22,14143,mobile,Bangalore,2024-01-01 21:00:00
1001,23,28846,mobile,Bangalore,2024-01-01 22:00:00
1020,24,22450,desktop,Delhi,2024-01-01 23:00:00
1032,25,41705,desktop,Pune,2024-01-02 00:00:00
1011,26,217,mobile,Pune,2024-01-02 01:00:00
1021,27,46785,tablet,Bangalore,2024-01-02 02:00:00
1043,28,19035,mobile,Pune,2024-01-02 03:00:00
1024,29,47177,desktop,Pune,2024-01-02 04:00:00
1048,30,13334,mobile,Bangalore,2024-01-02 05:00:00
1026,31,38428,desktop,Pune,2024-01-02 06:00:00
1041,32,946,desktop,Bangalore,2024-01-02 07:00:00
1027,33,11054,tablet,Mumbai,2024-01-02 08:00:00
1015,34,13803,desktop,Delhi,2024-01-02 09:00:00
1014,35,48253,desktop,Delhi,2024-01-02 10:00:00
1046,36,46614,tablet,Pune,2024-01-02 11:00:00
1043,37,22800,desktop,Pune,2024-01-02 12:00:00
1002,38,32143,tablet,Pune,2024-01-02 13:00:00
1036,39,6569,tablet,Delhi,2024-01-02 14:00:00
1006,40,30205,desktop,Mumbai,2024-01-02 15:00:00
1020,41,42201,desktop,Mumbai,2024-01-02 16:00:00
1008,42,26486,mobile,Delhi,2024-01-02 17:00:00
1038,43,49476,tablet,Mumbai,2024-01-02 18:00:00
1017,44,45687,mobile,Delhi,2024-01-02 19:00:00
1003,45,37076,desktop,Mumbai,2024-01-02 20:00:00
1024,46,39151,mobile,Bangalore,2024-01-02 21:00:00
1013,47,2148,tablet,Bangalore,2024-01-02 22:00:00
1049,48,39101,mobile,Delhi,2024-01-02 23:00:00
1008,49,13041,tablet,Mumbai,2024-01-03 00:00:00
1025,50,45475,desktop,Pune,2024-01-03 01:00:00
1001,51,42633,desktop,Mumbai,2024-01-03 02:00:00
1019,52,1928,tablet,Bangalore,2024-01-03 03:00:00
1027,53,2017,desktop,Bangalore,2024-01-03 04:00:00
1046,54,20718,desktop,Mumbai,2024-01-03 05:00:00
1006,55,32354,desktop,Mumbai,2024-01-03 06:00:00
1043,56,39856,desktop,Pune,2024-01-03 07:00:00
1007,57,47462,tablet,Pune,2024-01-03 08:00:00
1046,58,20228,mobile,Mumbai,2024-01-03 09:00:00
1034,59,45845,mobile,Mumbai,2024-01-03 10:00:00
1013,60,109,desktop,Mumbai,2024-01-03 11:00:00
1016,61,16744,mobile,Mumbai,2024-01-03 12:00:00
1035,62,22522,mobile,Delhi,2024-01-03 13:00:00
1049,63,9965,desktop,Mumbai,2024-01-03 14:00:00
1039,64,2319,desktop,Pune,2024-01-03 15:00:00
1003,65,39909,mobile,Bangalore,2024-01-03 16:00:00
1001,66,5387,tablet,Delhi,2024-01-03 17:00:00
1005,67,34487,desktop,Mumbai,2024-01-03 18:00:00
1041,68,8612,tablet,Bangalore,2024-01-03 19:00:00
1003,69,1442,mobile,Delhi,2024-01-03 20:00:00
1028,70,43436,desktop,Bangalore,2024-01-03 21:00:00
1017,71,19316,tablet,Mumbai,2024-01-03 22:00:00
1025,72,27634,desktop,Mumbai,2024-01-03 23:00:00
1043,73,14331,mobile,Pune,2024-01-04 00:00:00
1033,74,32393,tablet,Mumbai,2024-01-04 01:00:00
1009,75,26714,mobile,Mumbai,2024-01-04 02:00:00
1035,76,36358,mobile,Delhi,2024-01-04 03:00:00
1013,77,28353,desktop,Pune,2024-01-04 04:00:00
1030,78,42178,tablet,Delhi,2024-01-04 05:00:00
1047,79,40852,mobile,Bangalore,2024-01-04 06:00:00
1014,80,18088,mobile,Mumbai,2024-01-04 07:00:00
1007,81,31137,tablet,Bangalore,2024-01-04 08:00:00
1013,82,12319,mobile,Delhi,2024-01-04 09:00:00
1022,83,335,mobile,Mumbai,2024-01-04 10:00:00
1039,84,43029,tablet,Mumbai,2024-01-04 11:00:00
1020,85,2008,tablet,Delhi,2024-01-04 12:00:00
1015,86,8667,tablet,Delhi,2024-01-04 13:00:00
1044,87,36398,tablet,Delhi,2024-01-04 14:00:00
1017,88,5356,desktop,Delhi,2024-01-04 15:00:00
1046,89,19119,tablet,Delhi,2024-01-04 16:00:00
1023,90,8262,desktop,Mumbai,2024-01-04 17:00:00
1025,91,5515,desktop,Delhi,2024-01-04 18:00:00
1024,92,36259,desktop,Mumbai,2024-01-04 19:00:00
1044,93,44025,mobile,Mumbai,2024-01-04 20:00:00
1040,94,6051,desktop,Delhi,2024-01-04 21:00:00
1028,95,21952,desktop,Delhi,2024-01-04 22:00:00
1014,96,8107,mobile,Pune,2024-01-04 23:00:00
1044,97,41932,mobile,Mumbai,2024-01-05 00:00:00
1000,98,30623,mobile,Delhi,2024-01-05 01:00:00
1024,99,23425,tablet,Delhi,2024-01-05 02:00:00
1006,100,21304,mobile,Delhi,2024-01-05 03:00:00
1008,101,15624,mobile,Pune,2024-01-05 04:00:00
1023,102,19382,desktop,Pune,2024-01-05 05:00:00
1000,103,24030,mobile,Bangalore,2024-01-05 06:00:00
1043,104,177,tablet,Mumbai,2024-01-05 07:00:00
1007,105,40445,mobile,Bangalore,2024-01-05 08:00:00
1023,106,20711,tablet,Delhi,2024-01-05 09:00:00
1010,107,17084,mobile,Pune,2024-01-05 10:00:00
1016,108,14160,mobile,Pune,2024-01-05 11:00:00
1007,109,17549,mobile,Bangalore,2024-01-05 12:00:00
1034,110,18620,mobile,Pune,2024-01-05 13:00:00
1034,111,43403,tablet,Delhi,2024-01-05 14:00:00
1032,112,9610,tablet,Pune,2024-01-05 15:00:00
1004,113,29387,desktop,Bangalore,2024-01-05 16:00:00
1041,114,28273,tablet,Delhi,2024-01-05 17:00:00
1038,115,39811,mobile,Bangalore,2024-01-05 18:00:00
1040,116,12054,desktop,Pune,2024-01-05 19:00:00
1027,117,7904,desktop,Bangalore,2024-01-05 20:00:00
1006,118,6665,desktop,Bangalore,2024-01-05 21:00:00
1008,119,6084,mobile,Mumbai,2024-01-05 22:00:00
1007,120,21626,tablet,Pune,2024-01-05 23:00:00
1011,121,37538,mobile,Pune,2024-01-06 00:00:00
1033,122,18674,desktop,Bangalore,2024-01-06 01:00:00
1032,123,9284,mobile,Mumbai,2024-01-06 02:00:00
1047,124,19196,mobile,Pune,2024-01-06 03:00:00
1022,125,2292,tablet,Delhi,2024-01-06 04:00:00
1023,126,34116,tablet,Bangalore,2024-01-06 05:00:00
1036,127,11346,desktop,Pune,2024-01-06 06:00:00
1034,128,45658,mobile,Delhi,2024-01-06 07:00:00
1043,129,18481,mobile,Pune,2024-01-06 08:00:00
1039,130,36555,tablet,Delhi,2024-01-06 09:00:00
1021,131,26827,mobile,Bangalore,2024-01-06 10:00:00
1026,132,4118,mobile,Pune,2024-01-06 11:00:00
1034,133,11402,mobile,Pune,2024-01-06 12:00:00
1000,134,2070,tablet,Mumbai,2024-01-06 13:00:00
1034,135,41257,desktop,Bangalore,2024-01-06 14:00:00
1036,136,27302,desktop,Delhi,2024-01-06 15:00:00
1046,137,31210,mobile,Pune,2024-01-06 16:00:00
1013,138,17686,desktop,Pune,2024-01-06 17:00:00
1002,139,24619,tablet,Delhi,2024-01-06 18:00:00
1000,140,31373,tablet,Bangalore,2024-01-06 19:00:00
1004,141,22051,desktop,Mumbai,2024-01-06 20:00:00
1025,142,15474,desktop,Mumbai,2024-01-06 21:00:00
1013,143,5888,mobile,Pune,2024-01-06 22:00:00
1038,144,5508,desktop,Delhi,2024-01-06 23:00:00
1026,145,25153,mobile,Pune,2024-01-07 00:00:00
1008,146,9546,mobile,Delhi,2024-01-07 01:00:00
1014,147,1022,tablet,Mumbai,2024-01-07 02:00:00
1014,148,33287,tablet,Bangalore,2024-01-07 03:00:00
1025,149,10889,tablet,Delhi,2024-01-07 04:00:00
1041,150,32284,tablet,Mumbai,2024-01-07 05:00:00
1012,151,1220,desktop,Pune,2024-01-07 06:00:00
1031,152,44128,tablet,Delhi,2024-01-07 07:00:00
1038,153,32254,desktop,Bangalore,2024-01-07 08:00:00
1048,154,17434,tablet,Pune,2024-01-07 09:00:00
1031,155,2436,desktop,Pune,2024-01-07 10:00:00
1003,156,38241,mobile,Mumbai,2024-01-07 11:00:00
1029,157,2343,desktop,Delhi,2024-01-07 12:00:00
1036,158,19129,desktop,Pune,2024-01-07 13:00:00
1022,159,32365,tablet,Bangalore,2024-01-07 14:00:00
1038,160,37480,desktop,Delhi,2024-01-07 15:00:00
1044,161,46814,mobile,Bangalore,2024-01-07 16:00:00
1014,162,43972,mobile,Pune,2024-01-07 17:00:00
1042,163,46297,tablet,Bangalore,2024-01-07 18:00:00
1028,164,23810,mobile,Mumbai,2024-01-07 19:00:00
1035,165,29586,desktop,Bangalore,2024-01-07 20:00:00
1012,166,6471,mobile,Delhi,2024-01-07 21:00:00
1031,167,6459,tablet,Bangalore,2024-01-07 22:00:00
1006,168,40731,desktop,Bangalore,2024-01-07 23:00:00
1021,169,36096,tablet,Mumbai,2024-01-08 00:00:00
1027,170,20203,desktop,Bangalore,2024-01-08 01:00:00
1001,171,14482,mobile,Bangalore,2024-01-08 02:00:00
1041,172,18855,tablet,Pune,2024-01-08 03:00:00
1044,173,35759,tablet,Pune,2024-01-08 04:00:00
1005,174,3856,desktop,Delhi,2024-01-08 05:00:00
1027,175,20709,tablet,Pune,2024-01-08 06:00:00
1027,176,48638,desktop,Pune,2024-01-08 07:00:00
1043,177,16578,desktop,Pune,2024-01-08 08:00:00
1043,178,35542,desktop,Pune,2024-01-08 09:00:00
1019,179,39766,desktop,Mumbai,2024-01-08 10:00:00
1029,180,10247,mobile,Pune,2024-01-08 11:00:00
1010,181,33661,desktop,Mumbai,2024-01-08 12:00:00
1027,182,34984,tablet,Mumbai,2024-01-08 13:00:00
1024,183,5879,mobile,Pune,2024-01-08 14:00:00
1038,184,12398,tablet,Bangalore,2024-01-08 15:00:00
1032,185,14253,mobile,Mumbai,2024-01-08 16:00:00
1000,186,43979,desktop,Bangalore,2024-01-08 17:00:00
1026,187,10889,mobile,Bangalore,2024-01-08 18:00:00
1012,188,44265,mobile,Pune,2024-01-08 19:00:00
1040,189,13099,tablet,Delhi,2024-01-08 20:00:00
1002,190,914,tablet,Pune,2024-01-08 21:00:00
1038,191,49597,desktop,Delhi,2024-01-08 22:00:00
1005,192,10641,mobile,Delhi,2024-01-08 23:00:00
1007,193,25038,mobile,Pune,2024-01-09 00:00:00
1026,194,2543,mobile,Pune,2024-01-09 01:00:00
1008,195,10557,desktop,Delhi,2024-01-09 02:00:00
1036,196,10480,desktop,Pune,2024-01-09 03:00:00
1032,197,7883,desktop,Delhi,2024-01-09 04:00:00
1041,198,44341,desktop,Bangalore,2024-01-09 05:00:00
1043,199,17468,desktop,Pune,2024-01-09 06:00:00
1023,200,15428,tablet,Bangalore,2024-01-09 07:00:00
1014,201,26315,mobile,Mumbai,2024-01-09 08:00:00
1031,202,33695,mobile,Bangalore,2024-01-09 09:00:00
1031,203,27406,mobile,Bangalore,2024-01-09 10:00:00
1023,204,20015,mobile,Delhi,2024-01-09 11:00:00
1040,205,40015,mobile,Bangalore,2024-01-09 12:00:00
1048,206,37319,mobile,Pune,2024-01-09 13:00:00
1048,207,15443,mobile,Delhi,2024-01-09 14:00:00
1011,208,46503,mobile,Mumbai,2024-01-09 15:00:00
1038,209,38827,tablet,Pune,2024-01-09 16:00:00
1001,210,226,mobile,Mumbai,2024-01-09 17:00:00
1002,211,27732,tablet,Bangalore,2024-01-09 18:00:00
1048,212,41663,desktop,Pune,2024-01-09 19:00:00
1036,213,44509,mobile,Pune,2024-01-09 20:00:00
1048,214,20630,desktop,Mumbai,2024-01-09 21:00:00
1016,215,40064,desktop,Pune,2024-01-09 22:00:00
1048,216,44427,desktop,Pune,2024-01-09 23:00:00
1001,217,3468,tablet,Pune,2024-01-10 00:00:00
1001,218,3897,desktop,Bangalore,2024-01-10 01:00:00
1027,219,47982,desktop,Mumbai,2024-01-10 02:00:00
1022,220,13818,desktop,Pune,2024-01-10 03:00:00
1036,221,34660,mobile,Delhi,2024-01-10 04:00:00
1031,222,11153,mobile,Delhi,2024-01-10 05:00:00
1032,223,22216,tablet,Delhi,2024-01-10 06:00:00
1000,224,36344,tablet,Delhi,2024-01-10 07:00:00
1018,225,36285,mobile,Bangalore,2024-01-10 08:00:00
1001,226,1745,tablet,Pune,2024-01-10 09:00:00
1043,227,47623,mobile,Mumbai,2024-01-10 10:00:00
1025,228,19356,desktop,Pune,2024-01-10 11:00:00
1031,229,35940,desktop,Bangalore,2024-01-10 12:00:00
1005,230,34722,tablet,Delhi,2024-01-10 13:00:00
1031,231,37530,mobile,Bangalore,2024-01-10 14:00:00
1003,232,39382,mobile,Pune,2024-01-10 15:00:00
1010,233,2808,tablet,Mumbai,2024-01-10 16:00:00
1016,234,11794,mobile,Bangalore,2024-01-10 17:00:00
1037,235,9624,desktop,Mumbai,2024-01-10 18:00:00
1023,236,31980,tablet,Bangalore,2024-01-10 19:00:00
1004,237,39324,tablet,Mumbai,2024-01-10 20:00:00
1033,238,37080,mobile,Mumbai,2024-01-10 21:00:00
1005,239,32509,tablet,Delhi,2024-01-10 22:00:00
1021,240,13324,mobile,Mumbai,2024-01-10 23:00:00
1010,241,40838,mobile,Delhi,2024-01-11 00:00:00
1047,242,25250,mobile,Pune,2024-01-11 01:00:00
1015,243,49788,mobile,Pune,2024-01-11 02:00:00
1032,244,34493,mobile,Delhi,2024-01-11 03:00:00
1008,245,43182,tablet,Delhi,2024-01-11 04:00:00
1005,246,8073,desktop,Bangalore,2024-01-11 05:00:00
1015,247,8677,desktop,Bangalore,2024-01-11 06:00:00
1028,248,8170,tablet,Bangalore,2024-01-11 07:00:00
1002,249,8766,tablet,Pune,2024-01-11 08:00:00
1019,250,36468,desktop,Bangalore,2024-01-11 09:00:00
1035,251,6883,desktop,Mumbai,2024-01-11 10:00:00
1018,252,46094,desktop,Mumbai,2024-01-11 11:00:00
1025,253,42014,desktop,Bangalore,2024-01-11 12:00:00
1002,254,5071,desktop,Mumbai,2024-01-11 13:00:00
1018,255,13590,mobile,Pune,2024-01-11 14:00:00
1019,256,45819,tablet,Mumbai,2024-01-11 15:00:00
1031,257,45180,mobile,Pune,2024-01-11 16:00:00
1006,258,2090,desktop,Delhi,2024-01-11 17:00:00
1040,259,5399,desktop,Delhi,2024-01-11 18:00:00
1032,260,45865,desktop,Delhi,2024-01-11 19:00:00
1039,261,20056,mobile,Delhi,2024-01-11 20:00:00
1038,262,22459,mobile,Mumbai,2024-01-11 21:00:00
1017,263,46340,desktop,Bangalore,2024-01-11 22:00:00
1039,264,37248,mobile,Mumbai,2024-01-11 23:00:00
1000,265,28834,mobile,Pune,2024-01-12 00:00:00
1010,266,4857,desktop,Mumbai,2024-01-12 01:00:00
1027,267,19197,mobile,Mumbai,2024-01-12 02:00:00
1024,268,10495,tablet,Pune,2024-01-12 03:00:00
1049,269,16341,tablet,Delhi,2024-01-12 04:00:00
1022,270,38456,tablet,Delhi,2024-01-12 05:00:00
1030,271,27796,tablet,Delhi,2024-01-12 06:00:00
1029,272,5044,desktop,Bangalore,2024-01-12 07:00:00
1041,273,46263,desktop,Pune,2024-01-12 08:00:00
1034,274,19916,desktop,Pune,2024-01-12 09:00:00
1006,275,49940,tablet,Mumbai,2024-01-12 10:00:00
1015,276,37111,tablet,Bangalore,2024-01-12 11:00:00
1025,277,25017,mobile,Delhi,2024-01-12 12:00:00
1047,278,31295,mobile,Bangalore,2024-01-12 13:00:00
1048,279,21666,tablet,Pune,2024-01-12 14:00:00
1001,280,10016,tablet,Pune,2024-01-12 15:00:00
1000,281,20906,tablet,Mumbai,2024-01-12 16:00:00
1047,282,10084,tablet,Mumbai,2024-01-12 17:00:00
1011,283,1859,mobile,Pune,2024-01-12 18:00:00
1004,284,42049,tablet,Delhi,2024-01-12 19:00:00
1036,285,26938,mobile,Delhi,2024-01-12 20:00:00
1031,286,2582,tablet,Bangalore,2024-01-12 21:00:00
1008,287,24542,tablet,Pune,2024-01-12 22:00:00
1040,288,33819,tablet,Pune,2024-01-12 23:00:00
1034,289,28065,mobile,Delhi,2024-01-13 00:00:00
1018,290,2179,mobile,Delhi,2024-01-13 01:00:00
1047,291,2817,desktop,Pune,2024-01-13 02:00:00
1015,292,28052,tablet,Mumbai,2024-01-13 03:00:00
1002,293,21008,desktop,Pune,2024-01-13 04:00:00
1019,294,42560,desktop,Pune,2024-01-13 05:00:00
1023,295,24961,mobile,Delhi,2024-01-13 06:00:00
1032,296,7411,mobile,Delhi,2024-01-13 07:00:00
1023,297,28171,desktop,Mumbai,2024-01-13 08:00:00
1010,298,23670,tablet,Mumbai,2024-01-13 09:00:00
1048,299,18549,mobile,Bangalore,2024-01-13 10:00:00
1007,300,33636,tablet,Pune,2024-01-13 11:00:00
1035,301,38358,tablet,Delhi,2024-01-13 12:00:00
1037,302,48402,desktop,Mumbai,2024-01-13 13:00:00
1039,303,28965,desktop,Bangalore,2024-01-13 14:00:00
1019,304,6745,desktop,Bangalore,2024-01-13 15:00:00
1034,305,38100,desktop,Delhi,2024-01-13 16:00:00
1047,306,26837,mobile,Delhi,2024-01-13 17:00:00
1024,307,11585,mobile,Bangalore,2024-01-13 18:00:00
1034,308,38665,desktop,Mumbai,2024-01-13 19:00:00
1024,309,25622,mobile,Bangalore,2024-01-13 20:00:00
1028,310,12442,desktop,Pune,2024-01-13 21:00:00
1017,311,40906,tablet,Pune,2024-01-13 22:00:00
1045,312,48870,tablet,Delhi,2024-01-13 23:00:00
1017,313,13187,tablet,Mumbai,2024-01-14 00:00:00
1001,314,37741,desktop,Mumbai,2024-01-14 01:00:00
1034,315,34349,tablet,Pune,2024-01-14 02:00:00
1015,316,10193,mobile,Bangalore,2024-01-14 03:00:00
1040,317,47290,tablet,Delhi,2024-01-14 04:00:00
1035,318,16538,tablet,Bangalore,2024-01-14 05:00:00
1032,319,40511,tablet,Bangalore,2024-01-14 06:00:00
1003,320,26499,mobile,Bangalore,2024-01-14 07:00:00
1032,321,19946,desktop,Mumbai,2024-01-14 08:00:00
1013,322,15808,mobile,Pune,2024-01-14 09:00:00
1020,323,44139,desktop,Mumbai,2024-01-14 10:00:00
1047,324,45468,desktop,Pune,2024-01-14 11:00:00
1019,325,11098,tablet,Delhi,2024-01-14 12:00:00
1007,326,47163,desktop,Delhi,2024-01-14 13:00:00
1006,327,30778,mobile,Bangalore,2024-01-14 14:00:00
1002,328,10782,mobile,Pune,2024-01-14 15:00:00
1016,329,49248,desktop,Pune,2024-01-14 16:00:00
1032,330,8619,tablet,Pune,2024-01-14 17:00:00
1047,331,31580,tablet,Bangalore,2024-01-14 18:00:00
1011,332,19794,mobile,Bangalore,2024-01-14 19:00:00
1021,333,3400,tablet,Delhi,2024-01-14 20:00:00
1021,334,6822,desktop,Mumbai,2024-01-14 21:00:00
1045,335,40086,desktop,Pune,2024-01-14 22:00:00
1029,336,24260,mobile,Pune,2024-01-14 23:00:00
1037,337,20159,desktop,Mumbai,2024-01-15 00:00:00
1037,338,35922,mobile,Pune,2024-01-15 01:00:00
1044,339,13675,desktop,Bangalore,2024-01-15 02:00:00
1007,340,8070,mobile,Bangalore,2024-01-15 03:00:00
1026,341,35011,tablet,Pune,2024-01-15 04:00:00
1026,342,21691,desktop,Bangalore,2024-01-15 05:00:00
1033,343,31921,desktop,Bangalore,2024-01-15 06:00:00
1020,344,9603,mobile,Pune,2024-01-15 07:00:00
1029,345,48017,mobile,Delhi,2024-01-15 08:00:00
1032,346,19022,desktop,Mumbai,2024-01-15 09:00:00
1027,347,12275,mobile,Bangalore,2024-01-15 10:00:00
1046,348,41224,desktop,Delhi,2024-01-15 11:00:00
1032,349,21489,tablet,Bangalore,2024-01-15 12:00:00
1004,350,47938,mobile,Bangalore,2024-01-15 13:00:00
1047,351,922,desktop,Mumbai,2024-01-15 14:00:00
1018,352,17427,tablet,Bangalore,2024-01-15 15:00:00
1003,353,47157,tablet,Mumbai,2024-01-15 16:00:00
1034,354,6250,desktop,Mumbai,2024-01-15 17:00:00
1048,355,4525,mobile,Mumbai,2024-01-15 18:00:00
1016,356,16132,desktop,Delhi,2024-01-15 19:00:00
1043,357,2298,tablet,Pune,2024-01-15 20:00:00
1027,358,20179,desktop,Delhi,2024-01-15 21:00:00
1029,359,36320,mobile,Pune,2024-01-15 22:00:00
1028,360,41974,tablet,Pune,2024-01-15 23:00:00
1045,361,13959,desktop,Mumbai,2024-01-16 00:00:00
1005,362,31519,mobile,Bangalore,2024-01-16 01:00:00
1034,363,8805,tablet,Mumbai,2024-01-16 02:00:00
1040,364,42980,mobile,Bangalore,2024-01-16 03:00:00
1036,365,23336,tablet,Pune,2024-01-16 04:00:00
1023,366,22519,desktop,Mumbai,2024-01-16 05:00:00
1028,367,20078,mobile,Bangalore,2024-01-16 06:00:00
1048,368,37709,tablet,Delhi,2024-01-16 07:00:00
1045,369,15458,mobile,Bangalore,2024-01-16 08:00:00
1030,370,34277,mobile,Mumbai,2024-01-16 09:00:00
1034,371,29478,desktop,Delhi,2024-01-16 10:00:00
1032,372,37434,mobile,Bangalore,2024-01-16 11:00:00
1020,373,11482,tablet,Bangalore,2024-01-16 12:00:00
1031,374,14696,tablet,Bangalore,2024-01-16 13:00:00
1022,375,33672,tablet,Bangalore,2024-01-16 14:00:00
1032,376,13321,tablet,Bangalore,2024-01-16 15:00:00
1002,377,1379,desktop,Delhi,2024-01-16 16:00:00
1017,378,46060,mobile,Pune,2024-01-16 17:00:00
1024,379,7183,desktop,Delhi,2024-01-16 18:00:00
1041,380,43961,mobile,Delhi,2024-01-16 19:00:00
1030,381,17871,mobile,Delhi,2024-01-16 20:00:00
1002,382,30075,mobile,Pune,2024-01-16 21:00:00
1039,383,45748,desktop,Mumbai,2024-01-16 22:00:00
1045,384,48385,mobile,Pune,2024-01-16 23:00:00
1023,385,19163,desktop,Delhi,2024-01-17 00:00:00
1049,386,2206,tablet,Bangalore,2024-01-17 01:00:00
1031,387,24657,tablet,Bangalore,2024-01-17 02:00:00
1046,388,48954,mobile,Delhi,2024-01-17 03:00:00
1021,389,20707,desktop,Bangalore,2024-01-17 04:00:00
1022,390,37699,tablet,Delhi,2024-01-17 05:00:00
1001,391,28629,desktop,Bangalore,2024-01-17 06:00:00
1026,392,36054,desktop,Pune,2024-01-17 07:00:00
1041,393,27956,mobile,Mumbai,2024-01-17 08:00:00
1001,394,2673,tablet,Mumbai,2024-01-17 09:00:00
1025,395,12908,mobile,Pune,2024-01-17 10:00:00
1016,396,35467,mobile,Pune,2024-01-17 11:00:00
1039,397,36901,tablet,Delhi,2024-01-17 12:00:00
1032,398,41296,tablet,Delhi,2024-01-17 13:00:00
1008,399,34172,desktop,Delhi,2024-01-17 14:00:00
1042,400,23852,tablet,Bangalore,2024-01-17 15:00:00
1047,401,17785,desktop,Delhi,2024-01-17 16:00:00
1038,402,41501,desktop,Pune,2024-01-17 17:00:00
1028,403,11472,desktop,Mumbai,2024-01-17 18:00:00
1041,404,9096,tablet,Bangalore,2024-01-17 19:00:00
1025,405,16558,mobile,Delhi,2024-01-17 20:00:00
1034,406,31989,desktop,Bangalore,2024-01-17 21:00:00
1049,407,26765,mobile,Bangalore,2024-01-17 22:00:00
1024,408,38343,mobile,Delhi,2024-01-17 23:00:00
1023,409,31753,tablet,Bangalore,2024-01-18 00:00:00
1012,410,26757,mobile,Mumbai,2024-01-18 01:00:00
1006,411,40052,mobile,Pune,2024-01-18 02:00:00
1035,412,22280,tablet,Pune,2024-01-18 03:00:00
1044,413,31996,desktop,Mumbai,2024-01-18 04:00:00
1019,414,12975,mobile,Bangalore,2024-01-18 05:00:00
1000,415,1722,tablet,Delhi,2024-01-18 06:00:00
1007,416,48856,mobile,Bangalore,2024-01-18 07:00:00
1045,417,40909,mobile,Mumbai,2024-01-18 08:00:00
1015,418,16825,desktop,Bangalore,2024-01-18 09:00:00
1013,419,40860,mobile,Pune,2024-01-18 10:00:00
1011,420,15746,tablet,Bangalore,2024-01-18 11:00:00
1022,421,17129,mobile,Mumbai,2024-01-18 12:00:00
1014,422,29502,desktop,Pune,2024-01-18 13:00:00
1027,423,4363,desktop,Bangalore,2024-01-18 14:00:00
1033,424,31087,tablet,Bangalore,2024-01-18 15:00:00
1001,425,46928,desktop,Pune,2024-01-18 16:00:00
1031,426,48024,mobile,Delhi,2024-01-18 17:00:00
1022,427,8746,desktop,Pune,2024-01-18 18:00:00
1021,428,27629,tablet,Delhi,2024-01-18 19:00:00
1024,429,11764,desktop,Mumbai,2024-01-18 20:00:00
1021,430,35837,desktop,Mumbai,2024-01-18 21:00:00
1021,431,35896,desktop,Pune,2024-01-18 22:00:00
1048,432,24127,tablet,Pune,2024-01-18 23:00:00
1041,433,29473,desktop,Mumbai,2024-01-19 00:00:00
1005,434,36497,desktop,Delhi,2024-01-19 01:00:00
1014,435,20709,mobile,Mumbai,2024-01-19 02:00:00
1042,436,35935,tablet,Pune,2024-01-19 03:00:00
1036,437,38809,desktop,Mumbai,2024-01-19 04:00:00
1032,438,19350,tablet,Pune,2024-01-19 05:00:00
1007,439,21272,desktop,Pune,2024-01-19 06:00:00
1043,440,11655,desktop,Mumbai,2024-01-19 07:00:00
1043,441,21974,desktop,Delhi,2024-01-19 08:00:00
1004,442,13181,mobile,Bangalore,2024-01-19 09:00:00
1038,443,24163,mobile,Mumbai,2024-01-19 10:00:00
1003,444,6919,mobile,Bangalore,2024-01-19 11:00:00
1005,445,25812,tablet,Mumbai,2024-01-19 12:00:00
1044,446,24862,tablet,Bangalore,2024-01-19 13:00:00
1031,447,11146,mobile,Delhi,2024-01-19 14:00:00
1029,448,31563,tablet,Delhi,2024-01-19 15:00:00
1046,449,28869,desktop,Mumbai,2024-01-19 16:00:00
1034,450,23250,desktop,Pune,2024-01-19 17:00:00
1039,451,2811,desktop,Bangalore,2024-01-19 18:00:00
1015,452,4953,mobile,Pune,2024-01-19 19:00:00
1012,453,29177,tablet,Pune,2024-01-19 20:00:00
1049,454,23963,mobile,Pune,2024-01-19 21:00:00
1041,455,21892,tablet,Delhi,2024-01-19 22:00:00
1029,456,40583,desktop,Mumbai,2024-01-19 23:00:00
1018,457,9042,mobile,Mumbai,2024-01-20 00:00:00
1016,458,48375,tablet,Delhi,2024-01-20 01:00:00
1018,459,48694,tablet,Delhi,2024-01-20 02:00:00
1027,460,1862,desktop,Mumbai,2024-01-20 03:00:00
1025,461,32087,mobile,Pune,2024-01-20 04:00:00
1036,462,15950,mobile,Bangalore,2024-01-20 05:00:00
1025,463,12212,mobile,Bangalore,2024-01-20 06:00:00
1022,464,24158,desktop,Bangalore,2024-01-20 07:00:00
1008,465,45520,mobile,Pune,2024-01-20 08:00:00
1011,466,38990,desktop,Mumbai,2024-01-20 09:00:00
1000,467,581,desktop,Delhi,2024-01-20 10:00:00
1000,468,47404,desktop,Mumbai,2024-01-20 11:00:00
1046,469,33021,tablet,Pune,2024-01-20 12:00:00
1033,470,40485,mobile,Delhi,2024-01-20 13:00:00
1031,471,1624,mobile,Pune,2024-01-20 14:00:00
1047,472,34988,desktop,Bangalore,2024-01-20 15:00:00
1024,473,15148,desktop,Bangalore,2024-01-20 16:00:00
1039,474,35211,mobile,Pune,2024-01-20 17:00:00
1044,475,38004,desktop,Delhi,2024-01-20 18:00:00
1000,476,34108,mobile,Delhi,2024-01-20 19:00:00
1015,477,160,tablet,Mumbai,2024-01-20 20:00:00
1038,478,9230,desktop,Bangalore,2024-01-20 21:00:00
1004,479,18123,mobile,Mumbai,2024-01-20 22:00:00
1021,480,45180,desktop,Mumbai,2024-01-20 23:00:00
1028,481,13450,mobile,Pune,2024-01-21 00:00:00
1002,482,24454,mobile,Pune,2024-01-21 01:00:00
1011,483,45286,desktop,Mumbai,2024-01-21 02:00:00
1025,484,28245,tablet,Bangalore,2024-01-21 03:00:00
1015,485,34120,mobile,Pune,2024-01-21 04:00:00
1036,486,20687,mobile,Mumbai,2024-01-21 05:00:00
1021,487,41231,mobile,Mumbai,2024-01-21 06:00:00
1028,488,9750,tablet,Mumbai,2024-01-21 07:00:00
1013,489,20033,tablet,Mumbai,2024-01-21 08:00:00
1027,490,20681,desktop,Mumbai,2024-01-21 09:00:00
1004,491,23493,tablet,Mumbai,2024-01-21 10:00:00
1046,492,23151,desktop,Pune,2024-01-21 11:00:00
1048,493,26312,desktop,Bangalore,2024-01-21 12:00:00
1029,494,49182,tablet,Mumbai,2024-01-21 13:00:00
1045,495,4190,desktop,Delhi,2024-01-21 14:00:00
1004,496,7060,tablet,Pune,2024-01-21 15:00:00
1011,497,35872,desktop,Pune,2024-01-21 16:00:00
1015,498,21620,tablet,Mumbai,2024-01-21 17:00:00
1025,499,49581,tablet,Pune,2024-01-21 18:00:00
1025,500,36508,desktop,Mumbai,2024-01-21 19:00:00
1047,501,28570,mobile,Bangalore,2024-01-21 20:00:00
1020,502,20591,desktop,Bangalore,2024-01-21 21:00:00
1038,503,1441,tablet,Pune,2024-01-21 22:00:00
1035,504,44723,mobile,Pune,2024-01-21 23:00:00
1032,505,24891,desktop,Delhi,2024-01-22 00:00:00
1029,506,438,desktop,Pune,2024-01-22 01:00:00
1036,507,5995,desktop,Delhi,2024-01-22 02:00:00
1022,508,12354,mobile,Bangalore,2024-01-22 03:00:00
1009,509,11444,tablet,Bangalore,2024-01-22 04:00:00
1004,510,1850,desktop,Mumbai,2024-01-22 05:00:00
1035,511,2521,desktop,Bangalore,2024-01-22 06:00:00
1033,512,39987,desktop,Delhi,2024-01-22 07:00:00
1030,513,5419,desktop,Pune,2024-01-22 08:00:00
1009,514,15996,desktop,Mumbai,2024-01-22 09:00:00
1018,515,12018,tablet,Delhi,2024-01-22 10:00:00
1031,516,25164,tablet,Pune,2024-01-22 11:00:00
1000,517,46717,desktop,Mumbai,2024-01-22 12:00:00
1004,518,28035,mobile,Bangalore,2024-01-22 13:00:00
1044,519,37741,tablet,Delhi,2024-01-22 14:00:00
1003,520,29811,mobile,Pune,2024-01-22 15:00:00
1015,521,4906,tablet,Mumbai,2024-01-22 16:00:00
1023,522,41460,desktop,Mumbai,2024-01-22 17:00:00
1015,523,12282,tablet,Bangalore,2024-01-22 18:00:00
1001,524,22397,desktop,Pune,2024-01-22 19:00:00
1048,525,19641,tablet,Bangalore,2024-01-22 20:00:00
1027,526,29021,desktop,Bangalore,2024-01-22 21:00:00
1031,527,16874,desktop,Pune,2024-01-22 22:00:00
1026,528,44913,desktop,Pune,2024-01-22 23:00:00
1019,529,37298,desktop,Pune,2024-01-23 00:00:00
1023,530,8920,mobile,Delhi,2024-01-23 01:00:00
1011,531,24170,desktop,Pune,2024-01-23 02:00:00
1049,532,4332,mobile,Mumbai,2024-01-23 03:00:00
1034,533,11222,mobile,Bangalore,2024-01-23 04:00:00
1032,534,15123,desktop,Delhi,2024-01-23 05:00:00
1032,535,8107,mobile,Pune,2024-01-23 06:00:00
1042,536,18005,tablet,Delhi,2024-01-23 07:00:00
1036,537,41886,desktop,Pune,2024-01-23 08:00:00
1011,538,29498,mobile,Delhi,2024-01-23 09:00:00
1002,539,34368,desktop,Bangalore,2024-01-23 10:00:00
1000,540,6837,desktop,Bangalore,2024-01-23 11:00:00
1032,541,36162,desktop,Mumbai,2024-01-23 12:00:00
1039,542,25610,mobile,Mumbai,2024-01-23 13:00:00
1009,543,19526,tablet,Pune,2024-01-23 14:00:00
1042,544,37365,tablet,Bangalore,2024-01-23 15:00:00
1043,545,17950,mobile,Delhi,2024-01-23 16:00:00
1028,546,714,desktop,Delhi,2024-01-23 17:00:00
1012,547,21876,mobile,Delhi,2024-01-23 18:00:00
1011,548,24177,mobile,Mumbai,2024-01-23 19:00:00
1030,549,9474,mobile,Delhi,2024-01-23 20:00:00
1045,550,35535,desktop,Mumbai,2024-01-23 21:00:00
1001,551,31007,mobile,Mumbai,2024-01-23 22:00:00
1049,552,13509,desktop,Pune,2024-01-23 23:00:00
1034,553,16614,mobile,Delhi,2024-01-24 00:00:00
1022,554,29966,tablet,Delhi,2024-01-24 01:00:00
1016,555,3083,mobile,Bangalore,2024-01-24 02:00:00
1025,556,31805,mobile,Pune,2024-01-24 03:00:00
1007,557,20762,tablet,Bangalore,2024-01-24 04:00:00
1028,558,23610,desktop,Pune,2024-01-24 05:00:00
1025,559,12751,desktop,Delhi,2024-01-24 06:00:00
1009,560,41098,mobile,Mumbai,2024-01-24 07:00:00
1025,561,28635,tablet,Mumbai,2024-01-24 08:00:00
1033,562,6740,desktop,Mumbai,2024-01-24 09:00:00
1040,563,44647,mobile,Mumbai,2024-01-24 10:00:00
1006,564,15417,tablet,Mumbai,2024-01-24 11:00:00
1003,565,7664,desktop,Bangalore,2024-01-24 12:00:00
1049,566,27445,desktop,Pune,2024-01-24 13:00:00
1044,567,48388,tablet,Delhi,2024-01-24 14:00:00
1010,568,28787,tablet,Bangalore,2024-01-24 15:00:00
1028,569,13837,tablet,Pune,2024-01-24 16:00:00
1035,570,9423,tablet,Mumbai,2024-01-24 17:00:00
1024,571,15329,mobile,Pune,2024-01-24 18:00:00
1020,572,44581,tablet,Pune,2024-01-24 19:00:00
1035,573,8602,desktop,Mumbai,2024-01-24 20:00:00
1009,574,645,desktop,Mumbai,2024-01-24 21:00:00
1036,575,37214,mobile,Mumbai,2024-01-24 22:00:00
1008,576,29530,desktop,Delhi,2024-01-24 23:00:00
1023,577,10096,desktop,Mumbai,2024-01-25 00:00:00
1034,578,27888,tablet,Delhi,2024-01-25 01:00:00
1048,579,30069,desktop,Mumbai,2024-01-25 02:00:00
1034,580,48643,mobile,Delhi,2024-01-25 03:00:00
1047,581,14019,tablet,Pune,2024-01-25 04:00:00
1035,582,3910,tablet,Bangalore,2024-01-25 05:00:00
1017,583,30686,mobile,Pune,2024-01-25 06:00:00
1048,584,40074,tablet,Pune,2024-01-25 07:00:00
1038,585,41873,tablet,Mumbai,2024-01-25 08:00:00
1031,586,16471,mobile,Delhi,2024-01-25 09:00:00
1023,587,45184,tablet,Bangalore,2024-01-25 10:00:00
1022,588,29729,mobile,Mumbai,2024-01-25 11:00:00
1031,589,8536,mobile,Mumbai,2024-01-25 12:00:00
1036,590,13084,desktop,Mumbai,2024-01-25 13:00:00
1011,591,33139,desktop,Pune,2024-01-25 14:00:00
1048,592,19995,tablet,Delhi,2024-01-25 15:00:00
1012,593,18255,tablet,Delhi,2024-01-25 16:00:00
1022,594,10716,mobile,Bangalore,2024-01-25 17:00:00
1024,595,37229,tablet,Delhi,2024-01-25 18:00:00
1034,596,39937,mobile,Delhi,2024-01-25 19:00:00
1040,597,24674,mobile,Mumbai,2024-01-25 20:00:00
1029,598,3530,tablet,Mumbai,2024-01-25 21:00:00
1016,599,12776,mobile,Pune,2024-01-25 22:00:00
1048,600,10916,desktop,Mumbai,2024-01-25 23:00:00
1019,601,32833,tablet,Mumbai,2024-01-26 00:00:00
1047,602,20244,desktop,Mumbai,2024-01-26 01:00:00
1024,603,2150,tablet,Mumbai,2024-01-26 02:00:00
1021,604,44560,mobile,Pune,2024-01-26 03:00:00
1012,605,34033,tablet,Mumbai,2024-01-26 04:00:00
1018,606,25051,desktop,Bangalore,2024-01-26 05:00:00
1048,607,32513,mobile,Bangalore,2024-01-26 06:00:00
1035,608,34901,tablet,Bangalore,2024-01-26 07:00:00
1011,609,33013,tablet,Bangalore,2024-01-26 08:00:00
1040,610,47137,tablet,Mumbai,2024-01-26 09:00:00
1018,611,40700,desktop,Bangalore,2024-01-26 10:00:00
1011,612,25380,desktop,Mumbai,2024-01-26 11:00:00
1008,613,24657,tablet,Pune,2024-01-26 12:00:00
1006,614,47154,mobile,Bangalore,2024-01-26 13:00:00
1027,615,35500,mobile,Delhi,2024-01-26 14:00:00
1013,616,4594,desktop,Bangalore,2024-01-26 15:00:00
1030,617,15252,mobile,Bangalore,2024-01-26 16:00:00
1018,618,23995,desktop,Mumbai,2024-01-26 17:00:00
1046,619,9255,tablet,Bangalore,2024-01-26 18:00:00
1015,620,31983,desktop,Delhi,2024-01-26 19:00:00
1004,621,43294,desktop,Mumbai,2024-01-26 20:00:00
1034,622,43101,tablet,Mumbai,2024-01-26 21:00:00
1011,623,1928,mobile,Pune,2024-01-26 22:00:00
1024,624,45128,desktop,Pune,2024-01-26 23:00:00
1020,625,41998,desktop,Bangalore,2024-01-27 00:00:00
1035,626,32223,tablet,Pune,2024-01-27 01:00:00
1022,627,37673,mobile,Pune,2024-01-27 02:00:00
1015,628,906,desktop,Pune,2024-01-27 03:00:00
1038,629,41070,tablet,Mumbai,2024-01-27 04:00:00
1044,630,29857,desktop,Mumbai,2024-01-27 05:00:00
1041,631,34736,tablet,Mumbai,2024-01-27 06:00:00
1038,632,14661,mobile,Pune,2024-01-27 07:00:00
1013,633,48380,mobile,Mumbai,2024-01-27 08:00:00
1030,634,24362,mobile,Pune,2024-01-27 09:00:00
1004,635,14999,mobile,Mumbai,2024-01-27 10:00:00
1034,636,49088,desktop,Mumbai,2024-01-27 11:00:00
1022,637,16034,desktop,Delhi,2024-01-27 12:00:00
1028,638,38297,mobile,Bangalore,2024-01-27 13:00:00
1042,639,41944,mobile,Pune,2024-01-27 14:00:00
1010,640,36432,mobile,Delhi,2024-01-27 15:00:00
1017,641,34257,desktop,Mumbai,2024-01-27 16:00:00
1046,642,11693,mobile,Pune,2024-01-27 17:00:00
1011,643,40142,mobile,Mumbai,2024-01-27 18:00:00
1008,644,17420,mobile,Bangalore,2024-01-27 19:00:00
1009,645,27476,tablet,Delhi,2024-01-27 20:00:00
1043,646,43613,mobile,Bangalore,2024-01-27 21:00:00
1016,647,14299,tablet,Delhi,2024-01-27 22:00:00
1037,648,15976,tablet,Mumbai,2024-01-27 23:00:00
1006,649,8345,mobile,Bangalore,2024-01-28 00:00:00
1045,650,7314,tablet,Bangalore,2024-01-28 01:00:00
1012,651,826,mobile,Mumbai,2024-01-28 02:00:00
1039,652,46700,desktop,Bangalore,2024-01-28 03:00:00
1041,653,11462,desktop,Pune,2024-01-28 04:00:00
1008,654,18397,desktop,Delhi,2024-01-28 05:00:00
1049,655,30548,desktop,Delhi,2024-01-28 06:00:00
1026,656,26272,tablet,Delhi,2024-01-28 07:00:00
1001,657,42974,mobile,Pune,2024-01-28 08:00:00
1004,658,7757,mobile,Delhi,2024-01-28 09:00:00
1028,659,18950,mobile,Mumbai,2024-01-28 10:00:00
1036,660,25525,desktop,Bangalore,2024-01-28 11:00:00
1037,661,26785,desktop,Pune,2024-01-28 12:00:00
1018,662,47419,mobile,Delhi,2024-01-28 13:00:00
1007,663,24678,desktop,Mumbai,2024-01-28 14:00:00
1047,664,28931,mobile,Bangalore,2024-01-28 15:00:00
1044,665,8006,mobile,Bangalore,2024-01-28 16:00:00
1000,666,7387,mobile,Pune,2024-01-28 17:00:00
1021,667,33760,mobile,Pune,2024-01-28 18:00:00
1016,668,10322,mobile,Pune,2024-01-28 19:00:00
1006,669,37543,mobile,Mumbai,2024-01-28 20:00:00
1024,670,34801,mobile,Mumbai,2024-01-28 21:00:00
1044,671,17864,desktop,Pune,2024-01-28 22:00:00
1003,672,44741,mobile,Delhi,2024-01-28 23:00:00
1035,673,17774,mobile,Bangalore,2024-01-29 00:00:00
1005,674,18124,desktop,Bangalore,2024-01-29 01:00:00
1030,675,46107,desktop,Mumbai,2024-01-29 02:00:00
1018,676,23974,desktop,Bangalore,2024-01-29 03:00:00
1043,677,43742,mobile,Delhi,2024-01-29 04:00:00
1038,678,32384,tablet,Bangalore,2024-01-29 05:00:00
1026,679,17702,tablet,Mumbai,2024-01-29 06:00:00
1009,680,37884,desktop,Mumbai,2024-01-29 07:00:00
1025,681,23365,tablet,Delhi,2024-01-29 08:00:00
1018,682,26031,desktop,Delhi,2024-01-29 09:00:00
1038,683,28941,mobile,Bangalore,2024-01-29 10:00:00
1002,684,29292,tablet,Bangalore,2024-01-29 11:00:00
1044,685,46642,mobile,Mumbai,2024-01-29 12:00:00
1012,686,42620,tablet,Delhi,2024-01-29 13:00:00
1049,687,15685,mobile,Delhi,2024-01-29 14:00:00
1027,688,25659,tablet,Delhi,2024-01-29 15:00:00
1019,689,40159,mobile,Bangalore,2024-01-29 16:00:00
1027,690,33842,mobile,Delhi,2024-01-29 17:00:00
1007,691,4233,tablet,Mumbai,2024-01-29 18:00:00
1040,692,14763,mobile,Mumbai,2024-01-29 19:00:00
1038,693,21854,mobile,Bangalore,2024-01-29 20:00:00
1000,694,4072,mobile,Pune,2024-01-29 21:00:00
1002,695,5395,tablet,Bangalore,2024-01-29 22:00:00
1012,696,46781,tablet,Pune,2024-01-29 23:00:00
1027,697,41973,mobile,Delhi,2024-01-30 00:00:00
1048,698,29225,mobile,Bangalore,2024-01-30 01:00:00
1024,699,41096,tablet,Mumbai,2024-01-30 02:00:00
1032,700,10003,tablet,Delhi,2024-01-30 03:00:00
1037,701,3120,mobile,Mumbai,2024-01-30 04:00:00
1005,702,41855,mobile,Delhi,2024-01-30 05:00:00
1043,703,20520,mobile,Bangalore,2024-01-30 06:00:00
1044,704,21552,desktop,Pune,2024-01-30 07:00:00
1031,705,45748,tablet,Delhi,2024-01-30 08:00:00
1044,706,38101,desktop,Pune,2024-01-30 09:00:00
1046,707,9616,tablet,Delhi,2024-01-30 10:00:00
1020,708,47427,tablet,Mumbai,2024-01-30 11:00:00
1015,709,49569,tablet,Mumbai,2024-01-30 12:00:00
1020,710,2496,tablet,Delhi,2024-01-30 13:00:00
1010,711,18646,tablet,Pune,2024-01-30 14:00:00
1036,712,19229,tablet,Bangalore,2024-01-30 15:00:00
1035,713,1691,tablet,Bangalore,2024-01-30 16:00:00
1034,714,11403,desktop,Mumbai,2024-01-30 17:00:00
1018,715,30661,mobile,Bangalore,2024-01-30 18:00:00
1019,716,6283,mobile,Mumbai,2024-01-30 19:00:00
1017,717,26672,desktop,Bangalore,2024-01-30 20:00:00
1046,718,34180,desktop,Delhi,2024-01-30 21:00:00
1040,719,20795,desktop,Mumbai,2024-01-30 22:00:00
1048,720,7414,desktop,Mumbai,2024-01-30 23:00:00
1013,721,19723,tablet,Delhi,2024-01-31 00:00:00
1014,722,2239,mobile,Mumbai,2024-01-31 01:00:00
1030,723,47556,tablet,Bangalore,2024-01-31 02:00:00
1000,724,31390,mobile,Bangalore,2024-01-31 03:00:00
1002,725,18188,mobile,Mumbai,2024-01-31 04:00:00
1015,726,39792,desktop,Bangalore,2024-01-31 05:00:00
1022,727,33230,tablet,Pune,2024-01-31 06:00:00
1010,728,32188,desktop,Mumbai,2024-01-31 07:00:00
1011,729,26392,tablet,Delhi,2024-01-31 08:00:00
1009,730,46349,mobile,Pune,2024-01-31 09:00:00
1031,731,20770,desktop,Mumbai,2024-01-31 10:00:00
1015,732,3838,desktop,Delhi,2024-01-31 11:00:00
1007,733,2569,mobile,Bangalore,2024-01-31 12:00:00
1037,734,22634,mobile,Delhi,2024-01-31 13:00:00
1011,735,48974,mobile,Pune,2024-01-31 14:00:00
1023,736,49808,desktop,Bangalore,2024-01-31 15:00:00
1027,737,9117,tablet,Mumbai,2024-01-31 16:00:00
1007,738,2908,desktop,Bangalore,2024-01-31 17:00:00
1027,739,49238,tablet,Mumbai,2024-01-31 18:00:00
1035,740,47738,desktop,Mumbai,2024-01-31 19:00:00
1025,741,12813,desktop,Delhi,2024-01-31 20:00:00
1007,742,40429,mobile,Delhi,2024-01-31 21:00:00
1049,743,2819,tablet,Delhi,2024-01-31 22:00:00
1027,744,22990,desktop,Pune,2024-01-31 23:00:00
1027,745,11800,desktop,Pune,2024-02-01 00:00:00
1036,746,36609,mobile,Delhi,2024-02-01 01:00:00
1040,747,42634,mobile,Pune,2024-02-01 02:00:00
1035,748,36866,tablet,Bangalore,2024-02-01 03:00:00
1026,749,26805,desktop,Bangalore,2024-02-01 04:00:00
1016,750,18887,tablet,Pune,2024-02-01 05:00:00
1008,751,48945,desktop,Pune,2024-02-01 06:00:00
1032,752,26688,tablet,Bangalore,2024-02-01 07:00:00
1019,753,26223,mobile,Mumbai,2024-02-01 08:00:00
1012,754,33162,desktop,Bangalore,2024-02-01 09:00:00
1027,755,10277,tablet,Bangalore,2024-02-01 10:00:00
1047,756,21827,mobile,Pune,2024-02-01 11:00:00
1028,757,30320,mobile,Bangalore,2024-02-01 12:00:00
1012,758,9982,tablet,Pune,2024-02-01 13:00:00
1045,759,1236,desktop,Pune,2024-02-01 14:00:00
1034,760,34932,desktop,Delhi,2024-02-01 15:00:00
1005,761,32066,mobile,Bangalore,2024-02-01 16:00:00
1017,762,7109,desktop,Mumbai,2024-02-01 17:00:00
1004,763,13087,desktop,Delhi,2024-02-01 18:00:00
1046,764,37411,desktop,Pune,2024-02-01 19:00:00
1024,765,31675,mobile,Pune,2024-02-01 20:00:00
1001,766,1107,tablet,Mumbai,2024-02-01 21:00:00
1009,767,5545,desktop,Pune,2024-02-01 22:00:00
1029,768,10806,mobile,Bangalore,2024-02-01 23:00:00
1049,769,47617,mobile,Delhi,2024-02-02 00:00:00
1044,770,44586,tablet,Pune,2024-02-02 01:00:00
1004,771,29357,desktop,Pune,2024-02-02 02:00:00
1032,772,21836,desktop,Mumbai,2024-02-02 03:00:00
1000,773,42307,tablet,Bangalore,2024-02-02 04:00:00
1017,774,13381,tablet,Pune,2024-02-02 05:00:00
1031,775,1535,mobile,Mumbai,2024-02-02 06:00:00
1046,776,33439,mobile,Pune,2024-02-02 07:00:00
1048,777,35250,tablet,Mumbai,2024-02-02 08:00:00
1010,778,25921,desktop,Mumbai,2024-02-02 09:00:00
1020,779,26760,mobile,Bangalore,2024-02-02 10:00:00
1025,780,5184,mobile,Pune,2024-02-02 11:00:00
1024,781,16761,desktop,Bangalore,2024-02-02 12:00:00
1021,782,13607,mobile,Mumbai,2024-02-02 13:00:00
1026,783,7159,desktop,Delhi,2024-02-02 14:00:00
1048,784,18371,desktop,Pune,2024-02-02 15:00:00
1012,785,45639,desktop,Delhi,2024-02-02 16:00:00
1032,786,7591,tablet,Pune,2024-02-02 17:00:00
1033,787,47395,tablet,Bangalore,2024-02-02 18:00:00
1040,788,14959,tablet,Bangalore,2024-02-02 19:00:00
1034,789,8173,desktop,Bangalore,2024-02-02 20:00:00
1000,790,9177,desktop,Bangalore,2024-02-02 21:00:00
1020,791,21053,tablet,Bangalore,2024-02-02 22:00:00
1047,792,11483,mobile,Delhi,2024-02-02 23:00:00
1005,793,49246,desktop,Bangalore,2024-02-03 00:00:00
1027,794,2453,mobile,Mumbai,2024-02-03 01:00:00
1016,795,23921,mobile,Mumbai,2024-02-03 02:00:00
1004,796,37667,desktop,Delhi,2024-02-03 03:00:00
1030,797,49938,desktop,Pune,2024-02-03 04:00:00
1004,798,24960,mobile,Mumbai,2024-02-03 05:00:00
1037,799,21295,mobile,Pune,2024-02-03 06:00:00
1002,800,12039,tablet,Delhi,2024-02-03 07:00:00
1022,801,25438,tablet,Pune,2024-02-03 08:00:00
1036,802,21830,desktop,Pune,2024-02-03 09:00:00
1036,803,21527,tablet,Pune,2024-02-03 10:00:00
1009,804,35296,tablet,Pune,2024-02-03 11:00:00
1009,805,27183,tablet,Delhi,2024-02-03 12:00:00
1018,806,21610,tablet,Mumbai,2024-02-03 13:00:00
1016,807,44164,mobile,Bangalore,2024-02-03 14:00:00
1020,808,7913,desktop,Pune,2024-02-03 15:00:00
1013,809,31698,tablet,Mumbai,2024-02-03 16:00:00
1008,810,47282,mobile,Mumbai,2024-02-03 17:00:00
1045,811,27670,mobile,Delhi,2024-02-03 18:00:00
1000,812,27182,mobile,Mumbai,2024-02-03 19:00:00
1044,813,29341,tablet,Delhi,2024-02-03 20:00:00
1012,814,30778,tablet,Pune,2024-02-03 21:00:00
1003,815,44669,desktop,Pune,2024-02-03 22:00:00
1000,816,11845,tablet,Bangalore,2024-02-03 23:00:00
1048,817,26129,tablet,Bangalore,2024-02-04 00:00:00
1039,818,13125,mobile,Bangalore,2024-02-04 01:00:00
1031,819,36224,desktop,Mumbai,2024-02-04 02:00:00
1033,820,14388,tablet,Pune,2024-02-04 03:00:00
1027,821,23750,tablet,Delhi,2024-02-04 04:00:00
1030,822,6640,mobile,Bangalore,2024-02-04 05:00:00
1007,823,32332,mobile,Delhi,2024-02-04 06:00:00
1038,824,16522,tablet,Delhi,2024-02-04 07:00:00
1025,825,3442,desktop,Bangalore,2024-02-04 08:00:00
1033,826,41946,desktop,Pune,2024-02-04 09:00:00
1002,827,35712,mobile,Bangalore,2024-02-04 10:00:00
1049,828,10496,mobile,Delhi,2024-02-04 11:00:00
1011,829,17582,tablet,Bangalore,2024-02-04 12:00:00
1000,830,23511,mobile,Delhi,2024-02-04 13:00:00
1043,831,46866,tablet,Delhi,2024-02-04 14:00:00
1004,832,13361,desktop,Bangalore,2024-02-04 15:00:00
1029,833,3193,desktop,Mumbai,2024-02-04 16:00:00
1029,834,11822,tablet,Bangalore,2024-02-04 17:00:00
1016,835,22142,mobile,Mumbai,2024-02-04 18:00:00
1047,836,44513,desktop,Delhi,2024-02-04 19:00:00
1046,837,47951,mobile,Delhi,2024-02-04 20:00:00
1022,838,28187,desktop,Mumbai,2024-02-04 21:00:00
1014,839,32447,tablet,Delhi,2024-02-04 22:00:00
1036,840,33856,tablet,Mumbai,2024-02-04 23:00:00
1020,841,39314,tablet,Mumbai,2024-02-05 00:00:00
1013,842,16435,desktop,Delhi,2024-02-05 01:00:00
1001,843,28702,mobile,Pune,2024-02-05 02:00:00
1010,844,49001,mobile,Mumbai,2024-02-05 03:00:00
1038,845,34550,mobile,Bangalore,2024-02-05 04:00:00
1037,846,32296,desktop,Bangalore,2024-02-05 05:00:00
1033,847,5726,desktop,Delhi,2024-02-05 06:00:00
1037,848,7524,desktop,Pune,2024-02-05 07:00:00
1049,849,12957,desktop,Delhi,2024-02-05 08:00:00
1033,850,45023,desktop,Pune,2024-02-05 09:00:00
1017,851,20082,mobile,Mumbai,2024-02-05 10:00:00
1029,852,11525,desktop,Mumbai,2024-02-05 11:00:00
1014,853,2080,desktop,Mumbai,2024-02-05 12:00:00
1026,854,48390,mobile,Mumbai,2024-02-05 13:00:00
1033,855,26531,desktop,Bangalore,2024-02-05 14:00:00
1037,856,19540,mobile,Bangalore,2024-02-05 15:00:00
1032,857,41852,mobile,Delhi,2024-02-05 16:00:00
1023,858,17275,tablet,Pune,2024-02-05 17:00:00
1014,859,48751,tablet,Mumbai,2024-02-05 18:00:00
1029,860,26485,tablet,Mumbai,2024-02-05 19:00:00
1041,861,38258,tablet,Pune,2024-02-05 20:00:00
1016,862,23119,desktop,Pune,2024-02-05 21:00:00
1004,863,18739,tablet,Delhi,2024-02-05 22:00:00
1028,864,20094,mobile,Pune,2024-02-05 23:00:00
1003,865,34475,desktop,Mumbai,2024-02-06 00:00:00
1009,866,21663,tablet,Mumbai,2024-02-06 01:00:00
1016,867,39441,mobile,Mumbai,2024-02-06 02:00:00
1009,868,5876,desktop,Mumbai,2024-02-06 03:00:00
1016,869,36544,desktop,Mumbai,2024-02-06 04:00:00
1019,870,3480,tablet,Delhi,2024-02-06 05:00:00
1023,871,8811,desktop,Mumbai,2024-02-06 06:00:00
1004,872,8882,mobile,Delhi,2024-02-06 07:00:00
1033,873,17534,desktop,Mumbai,2024-02-06 08:00:00
1005,874,46865,mobile,Bangalore,2024-02-06 09:00:00
1001,875,20117,desktop,Bangalore,2024-02-06 10:00:00
1012,876,30807,tablet,Bangalore,2024-02-06 11:00:00
1042,877,39210,mobile,Bangalore,2024-02-06 12:00:00
1042,878,17443,desktop,Delhi,2024-02-06 13:00:00
1047,879,38927,desktop,Delhi,2024-02-06 14:00:00
1010,880,41752,desktop,Pune,2024-02-06 15:00:00
1046,881,5755,mobile,Mumbai,2024-02-06 16:00:00
1022,882,44959,mobile,Bangalore,2024-02-06 17:00:00
1015,883,15351,mobile,Delhi,2024-02-06 18:00:00
1030,884,626,tablet,Mumbai,2024-02-06 19:00:00
1010,885,3324,tablet,Mumbai,2024-02-06 20:00:00
1015,886,47937,mobile,Delhi,2024-02-06 21:00:00
1007,887,11636,desktop,Bangalore,2024-02-06 22:00:00
1003,888,28641,tablet,Pune,2024-02-06 23:00:00
1039,889,13647,mobile,Mumbai,2024-02-07 00:00:00
1003,890,34631,desktop,Pune,2024-02-07 01:00:00
1024,891,8812,tablet,Bangalore,2024-02-07 02:00:00
1002,892,38665,desktop,Bangalore,2024-02-07 03:00:00
1031,893,9308,desktop,Pune,2024-02-07 04:00:00
1002,894,5209,desktop,Bangalore,2024-02-07 05:00:00
1026,895,49368,desktop,Mumbai,2024-02-07 06:00:00
1028,896,35301,tablet,Pune,2024-02-07 07:00:00
1031,897,17067,tablet,Bangalore,2024-02-07 08:00:00
1049,898,29859,tablet,Pune,2024-02-07 09:00:00
1018,899,20272,mobile,Mumbai,2024-02-07 10:00:00
1020,900,37035,tablet,Bangalore,2024-02-07 11:00:00
1004,901,26689,desktop,Mumbai,2024-02-07 12:00:00
1017,902,30115,tablet,Bangalore,2024-02-07 13:00:00
1027,903,29109,desktop,Delhi,2024-02-07 14:00:00
1041,904,17873,mobile,Bangalore,2024-02-07 15:00:00
1021,905,41225,desktop,Pune,2024-02-07 16:00:00
1020,906,26243,desktop,Bangalore,2024-02-07 17:00:00
1005,907,6254,desktop,Mumbai,2024-02-07 18:00:00
1000,908,21904,mobile,Mumbai,2024-02-07 19:00:00
1004,909,41788,tablet,Bangalore,2024-02-07 20:00:00
1040,910,20681,tablet,Pune,2024-02-07 21:00:00
1011,911,30187,mobile,Delhi,2024-02-07 22:00:00
1025,912,33081,desktop,Pune,2024-02-07 23:00:00
1045,913,3862,tablet,Delhi,2024-02-08 00:00:00
1033,914,46267,mobile,Mumbai,2024-02-08 01:00:00
1048,915,9868,tablet,Pune,2024-02-08 02:00:00
1013,916,43508,mobile,Delhi,2024-02-08 03:00:00
1025,917,39599,desktop,Bangalore,2024-02-08 04:00:00
1044,918,38659,tablet,Mumbai,2024-02-08 05:00:00
1026,919,48690,mobile,Bangalore,2024-02-08 06:00:00
1008,920,8883,tablet,Mumbai,2024-02-08 07:00:00
1025,921,46489,tablet,Pune,2024-02-08 08:00:00
1046,922,29881,tablet,Pune,2024-02-08 09:00:00
1021,923,30911,tablet,Mumbai,2024-02-08 10:00:00
1046,924,48887,mobile,Mumbai,2024-02-08 11:00:00
1029,925,35588,desktop,Mumbai,2024-02-08 12:00:00
1042,926,9005,mobile,Pune,2024-02-08 13:00:00
1047,927,9227,mobile,Delhi,2024-02-08 14:00:00
1016,928,22531,mobile,Bangalore,2024-02-08 15:00:00
1025,929,49253,desktop,Bangalore,2024-02-08 16:00:00
1035,930,6468,tablet,Pune,2024-02-08 17:00:00
1000,931,27524,tablet,Bangalore,2024-02-08 18:00:00
1007,932,46924,tablet,Mumbai,2024-02-08 19:00:00
1048,933,45104,desktop,Delhi,2024-02-08 20:00:00
1034,934,18433,tablet,Bangalore,2024-02-08 21:00:00
1014,935,23216,desktop,Delhi,2024-02-08 22:00:00
1046,936,47319,tablet,Mumbai,2024-02-08 23:00:00
1021,937,43301,tablet,Bangalore,2024-02-09 00:00:00
1013,938,15625,mobile,Pune,2024-02-09 01:00:00
1025,939,23498,desktop,Delhi,2024-02-09 02:00:00
1027,940,32957,mobile,Mumbai,2024-02-09 03:00:00
1022,941,10461,mobile,Delhi,2024-02-09 04:00:00
1013,942,16469,mobile,Bangalore,2024-02-09 05:00:00
1023,943,3141,desktop,Bangalore,2024-02-09 06:00:00
1001,944,205,desktop,Pune,2024-02-09 07:00:00
1044,945,9178,tablet,Mumbai,2024-02-09 08:00:00
1025,946,25103,mobile,Mumbai,2024-02-09 09:00:00
1013,947,6190,tablet,Pune,2024-02-09 10:00:00
1006,948,38950,mobile,Pune,2024-02-09 11:00:00
1002,949,49886,desktop,Mumbai,2024-02-09 12:00:00
1046,950,2025,desktop,Delhi,2024-02-09 13:00:00
1022,951,18540,desktop,Delhi,2024-02-09 14:00:00
1045,952,39785,mobile,Pune,2024-02-09 15:00:00
1042,953,26115,desktop,Delhi,2024-02-09 16:00:00
1046,954,33420,mobile,Mumbai,2024-02-09 17:00:00
1044,955,25391,tablet,Bangalore,2024-02-09 18:00:00
1017,956,36779,mobile,Bangalore,2024-02-09 19:00:00
1037,957,26389,tablet,Delhi,2024-02-09 20:00:00
1034,958,3489,mobile,Pune,2024-02-09 21:00:00
1014,959,25783,tablet,Pune,2024-02-09 22:00:00
1024,960,13729,desktop,Pune,2024-02-09 23:00:00
1036,961,24926,tablet,Pune,2024-02-10 00:00:00
1027,962,35298,desktop,Pune,2024-02-10 01:00:00
1009,963,26730,desktop,Delhi,2024-02-10 02:00:00
1038,964,33326,tablet,Bangalore,2024-02-10 03:00:00
1016,965,46263,mobile,Bangalore,2024-02-10 04:00:00
1038,966,33075,mobile,Delhi,2024-02-10 05:00:00
1021,967,999,mobile,Pune,2024-02-10 06:00:00
1025,968,11753,mobile,Delhi,2024-02-10 07:00:00
1043,969,28061,mobile,Bangalore,2024-02-10 08:00:00
1024,970,16505,desktop,Mumbai,2024-02-10 09:00:00
1016,971,8701,mobile,Delhi,2024-02-10 10:00:00
1012,972,33762,desktop,Pune,2024-02-10 11:00:00
1019,973,33382,desktop,Bangalore,2024-02-10 12:00:00
1024,974,21388,desktop,Bangalore,2024-02-10 13:00:00
1003,975,29645,tablet,Bangalore,2024-02-10 14:00:00
1009,976,36977,tablet,Bangalore,2024-02-10 15:00:00
1002,977,46126,desktop,Pune,2024-02-10 16:00:00
1040,978,15413,tablet,Mumbai,2024-02-10 17:00:00
1044,979,15449,mobile,Bangalore,2024-02-10 18:00:00
1017,980,7279,mobile,Delhi,2024-02-10 19:00:00
1046,981,10426,desktop,Mumbai,2024-02-10 20:00:00
1035,982,44655,mobile,Bangalore,2024-02-10 21:00:00
1046,983,1660,desktop,Mumbai,2024-02-10 22:00:00
1021,984,13712,desktop,Delhi,2024-02-10 23:00:00
1033,985,17750,mobile,Bangalore,2024-02-11 00:00:00
1046,986,26845,tablet,Delhi,2024-02-11 01:00:00
1007,987,31990,mobile,Pune,2024-02-11 02:00:00
1039,988,20122,mobile,Bangalore,2024-02-11 03:00:00
1048,989,4880,desktop,Bangalore,2024-02-11 04:00:00
1043,990,18411,desktop,Bangalore,2024-02-11 05:00:00
1018,991,28480,desktop,Bangalore,2024-02-11 06:00:00
1041,992,44762,desktop,Pune,2024-02-11 07:00:00
1040,993,2456,tablet,Bangalore,2024-02-11 08:00:00
1036,994,4890,tablet,Mumbai,2024-02-11 09:00:00
1005,995,27011,tablet,Bangalore,2024-02-11 10:00:00
1025,996,49558,desktop,Pune,2024-02-11 11:00:00
1033,997,24463,desktop,Bangalore,2024-02-11 12:00:00
1044,998,20149,desktop,Mumbai,2024-02-11 13:00:00
1005,999,10281,tablet,Pune,2024-02-11 14:00:00
1036,1000,39925,desktop,Pune,2024-02-11 15:00:00
